"","x","y","marks"
"1",0.078,0.091,"blackoak"
"2",0.076,0.266,"blackoak"
"3",0.051,0.225,"blackoak"
"4",0.015,0.366,"blackoak"
"5",0.03,0.426,"blackoak"
"6",0.102,0.474,"blackoak"
"7",0.135,0.498,"blackoak"
"8",0.121,0.489,"blackoak"
"9",0.04,0.596,"blackoak"
"10",0.065,0.608,"blackoak"
"11",0.091,0.587,"blackoak"
"12",0.139,0.627,"blackoak"
"13",0.146,0.671,"blackoak"
"14",0.128,0.705,"blackoak"
"15",0.03,0.665,"blackoak"
"16",0.064,0.739,"blackoak"
"17",0.035,0.776,"blackoak"
"18",0.069,0.769,"blackoak"
"19",0.091,0.748,"blackoak"
"20",0.107,0.728,"blackoak"
"21",0.096,0.767,"blackoak"
"22",0.079,0.776,"blackoak"
"23",0.129,0.815,"blackoak"
"24",0.14,0.839,"blackoak"
"25",0.04,0.844,"blackoak"
"26",0.003,0.857,"blackoak"
"27",0.002,0.858,"blackoak"
"28",0.001,0.887,"blackoak"
"29",0.036,0.859,"blackoak"
"30",0.048,0.883,"blackoak"
"31",0.053,0.907,"blackoak"
"32",0.129,0.917,"blackoak"
"33",0.118,0.975,"blackoak"
"34",0.061,0.976,"blackoak"
"35",0.271,0.986,"blackoak"
"36",0.222,0.921,"blackoak"
"37",0.158,0.939,"blackoak"
"38",0.186,0.611,"blackoak"
"39",0.179,0.495,"blackoak"
"40",0.249,0.487,"blackoak"
"41",0.265,0.465,"blackoak"
"42",0.242,0.557,"blackoak"
"43",0.195,0.554,"blackoak"
"44",0.205,0.545,"blackoak"
"45",0.203,0.514,"blackoak"
"46",0.166,0.528,"blackoak"
"47",0.153,0.51,"blackoak"
"48",0.284,0.32,"blackoak"
"49",0.233,0.015,"blackoak"
"50",0.417,0.268,"blackoak"
"51",0.154,0.08,"blackoak"
"52",0.287,0.018,"blackoak"
"53",0.346,0.37,"blackoak"
"54",0.33,0.367,"blackoak"
"55",0.289,0.381,"blackoak"
"56",0.328,0.418,"blackoak"
"57",0.354,0.469,"blackoak"
"58",0.311,0.492,"blackoak"
"59",0.28,0.471,"blackoak"
"60",0.405,0.497,"blackoak"
"61",0.351,0.567,"blackoak"
"62",0.342,0.594,"blackoak"
"63",0.364,0.587,"blackoak"
"64",0.383,0.819,"blackoak"
"65",0.332,0.84,"blackoak"
"66",0.33,0.869,"blackoak"
"67",0.36,0.853,"blackoak"
"68",0.294,0.88,"blackoak"
"69",0.364,0.886,"blackoak"
"70",0.371,0.882,"blackoak"
"71",0.376,0.878,"blackoak"
"72",0.387,0.869,"blackoak"
"73",0.386,0.9,"blackoak"
"74",0.368,0.922,"blackoak"
"75",0.34,0.975,"blackoak"
"76",0.327,0.984,"blackoak"
"77",0.342,0.945,"blackoak"
"78",0.445,0.977,"blackoak"
"79",0.453,0.733,"blackoak"
"80",0.588,0.032,"blackoak"
"81",0.601,0.003,"blackoak"
"82",0.606,0.069,"blackoak"
"83",0.629,0.093,"blackoak"
"84",0.634,0.155,"blackoak"
"85",0.669,0.326,"blackoak"
"86",0.659,0.416,"blackoak"
"87",0.575,0.36,"blackoak"
"88",0.633,0.422,"blackoak"
"89",0.703,0.764,"blackoak"
"90",0.623,0.873,"blackoak"
"91",0.629,0.866,"blackoak"
"92",0.641,0.899,"blackoak"
"93",0.699,0.932,"blackoak"
"94",0.713,0.976,"blackoak"
"95",0.701,0.979,"blackoak"
"96",0.752,0.864,"blackoak"
"97",0.737,0.861,"blackoak"
"98",0.799,0.908,"blackoak"
"99",0.806,0.897,"blackoak"
"100",0.828,0.906,"blackoak"
"101",0.845,0.906,"blackoak"
"102",0.856,0.894,"blackoak"
"103",0.848,0.883,"blackoak"
"104",0.789,0.893,"blackoak"
"105",0.793,0.977,"blackoak"
"106",0.734,0.973,"blackoak"
"107",0.739,0.963,"blackoak"
"108",0.747,0.979,"blackoak"
"109",0.749,0.975,"blackoak"
"110",0.766,0.973,"blackoak"
"111",0.78,0.946,"blackoak"
"112",0.735,0.766,"blackoak"
"113",0.838,0.841,"blackoak"
"114",0.782,0.629,"blackoak"
"115",0.804,0.699,"blackoak"
"116",0.819,0.681,"blackoak"
"117",0.75,0.693,"blackoak"
"118",0.766,0.149,"blackoak"
"119",0.829,0.169,"blackoak"
"120",0.734,0.063,"blackoak"
"121",0.795,0.117,"blackoak"
"122",0.846,0.109,"blackoak"
"123",0.891,0.105,"blackoak"
"124",0.91,0.184,"blackoak"
"125",0.881,0.386,"blackoak"
"126",0.872,0.864,"blackoak"
"127",0.86,0.893,"blackoak"
"128",0.904,0.889,"blackoak"
"129",0.872,0.925,"blackoak"
"130",0.926,0.879,"blackoak"
"131",0.96,0.874,"blackoak"
"132",0.982,0.918,"blackoak"
"133",0.968,0.91,"blackoak"
"134",0.927,0.95,"blackoak"
"135",0.929,0.961,"blackoak"
"136",0.069,0.014,"hickory"
"137",0.049,0.057,"hickory"
"138",0.094,0.015,"hickory"
"139",0.106,0.036,"hickory"
"140",0.13,0.126,"hickory"
"141",0.081,0.079,"hickory"
"142",0.027,0.068,"hickory"
"143",0.027,0.069,"hickory"
"144",0.034,0.081,"hickory"
"145",0.066,0.132,"hickory"
"146",0.04,0.115,"hickory"
"147",0.031,0.108,"hickory"
"148",0.04,0.074,"hickory"
"149",0.041,0.074,"hickory"
"150",0.039,0.156,"hickory"
"151",0.023,0.207,"hickory"
"152",0.098,0.142,"hickory"
"153",0.084,0.176,"hickory"
"154",0.053,0.221,"hickory"
"155",0.035,0.3,"hickory"
"156",0.036,0.31,"hickory"
"157",0.05,0.284,"hickory"
"158",0.027,0.327,"hickory"
"159",0.108,0.307,"hickory"
"160",0.134,0.328,"hickory"
"161",0.143,0.353,"hickory"
"162",0.128,0.379,"hickory"
"163",0.105,0.411,"hickory"
"164",0.129,0.385,"hickory"
"165",0.036,0.358,"hickory"
"166",0.03,0.36,"hickory"
"167",0.028,0.354,"hickory"
"168",0.031,0.376,"hickory"
"169",0.03,0.453,"hickory"
"170",0.068,0.453,"hickory"
"171",0.075,0.49,"hickory"
"172",0.047,0.474,"hickory"
"173",0.023,0.486,"hickory"
"174",0.069,0.481,"hickory"
"175",0.076,0.422,"hickory"
"176",0.082,0.458,"hickory"
"177",0.089,0.444,"hickory"
"178",0.107,0.437,"hickory"
"179",0.146,0.444,"hickory"
"180",0.089,0.473,"hickory"
"181",0.078,0.47,"hickory"
"182",0.084,0.513,"hickory"
"183",0.11,0.516,"hickory"
"184",0.132,0.518,"hickory"
"185",0.122,0.539,"hickory"
"186",0.124,0.555,"hickory"
"187",0.124,0.563,"hickory"
"188",0.103,0.537,"hickory"
"189",0.091,0.555,"hickory"
"190",0.118,0.554,"hickory"
"191",0.027,0.539,"hickory"
"192",0.079,0.562,"hickory"
"193",0.025,0.605,"hickory"
"194",0.026,0.587,"hickory"
"195",0.03,0.571,"hickory"
"196",0.039,0.594,"hickory"
"197",0.047,0.582,"hickory"
"198",0.054,0.58,"hickory"
"199",0.077,0.594,"hickory"
"200",0.07,0.635,"hickory"
"201",0.054,0.617,"hickory"
"202",0.042,0.589,"hickory"
"203",0.069,0.567,"hickory"
"204",0.081,0.62,"hickory"
"205",0.092,0.575,"hickory"
"206",0.102,0.571,"hickory"
"207",0.147,0.569,"hickory"
"208",0.131,0.618,"hickory"
"209",0.098,0.62,"hickory"
"210",0.12,0.608,"hickory"
"211",0.081,0.671,"hickory"
"212",0.102,0.676,"hickory"
"213",0.116,0.68,"hickory"
"214",0.118,0.683,"hickory"
"215",0.094,0.701,"hickory"
"216",0.079,0.648,"hickory"
"217",0.065,0.671,"hickory"
"218",0.047,0.701,"hickory"
"219",0.053,0.709,"hickory"
"220",0.035,0.701,"hickory"
"221",0.03,0.692,"hickory"
"222",0.026,0.684,"hickory"
"223",0.047,0.666,"hickory"
"224",0.064,0.694,"hickory"
"225",0.032,0.711,"hickory"
"226",0.024,0.727,"hickory"
"227",0.027,0.741,"hickory"
"228",0.035,0.725,"hickory"
"229",0.04,0.732,"hickory"
"230",0.045,0.721,"hickory"
"231",0.07,0.712,"hickory"
"232",0.045,0.76,"hickory"
"233",0.032,0.772,"hickory"
"234",0.08,0.721,"hickory"
"235",0.078,0.725,"hickory"
"236",0.092,0.732,"hickory"
"237",0.097,0.72,"hickory"
"238",0.136,0.763,"hickory"
"239",0.127,0.773,"hickory"
"240",0.106,0.747,"hickory"
"241",0.131,0.752,"hickory"
"242",0.109,0.772,"hickory"
"243",0.145,0.787,"hickory"
"244",0.095,0.804,"hickory"
"245",0.129,0.807,"hickory"
"246",0.142,0.844,"hickory"
"247",0.135,0.843,"hickory"
"248",0.1,0.794,"hickory"
"249",0.01,0.795,"hickory"
"250",0.027,0.787,"hickory"
"251",0.028,0.799,"hickory"
"252",0.029,0.814,"hickory"
"253",0.064,0.838,"hickory"
"254",0.009,0.819,"hickory"
"255",0.027,0.877,"hickory"
"256",0.038,0.866,"hickory"
"257",0.037,0.882,"hickory"
"258",0.054,0.851,"hickory"
"259",0.066,0.867,"hickory"
"260",0.07,0.903,"hickory"
"261",0.068,0.912,"hickory"
"262",0.063,0.91,"hickory"
"263",0.035,0.9,"hickory"
"264",0.034,0.899,"hickory"
"265",0.024,0.907,"hickory"
"266",0.001,0.864,"hickory"
"267",0.054,0.865,"hickory"
"268",0.061,0.863,"hickory"
"269",0.077,0.867,"hickory"
"270",0.085,0.855,"hickory"
"271",0.116,0.882,"hickory"
"272",0.12,0.886,"hickory"
"273",0.136,0.863,"hickory"
"274",0.142,0.881,"hickory"
"275",0.127,0.899,"hickory"
"276",0.115,0.905,"hickory"
"277",0.101,0.921,"hickory"
"278",0.137,0.911,"hickory"
"279",0.123,0.893,"hickory"
"280",0.101,0.923,"hickory"
"281",0.123,0.925,"hickory"
"282",0.136,0.978,"hickory"
"283",0.127,0.939,"hickory"
"284",0.115,0.942,"hickory"
"285",0.114,0.95,"hickory"
"286",0.108,0.965,"hickory"
"287",0.105,0.959,"hickory"
"288",0.104,0.975,"hickory"
"289",0.081,0.974,"hickory"
"290",0.078,0.952,"hickory"
"291",0.026,0.939,"hickory"
"292",0.035,0.942,"hickory"
"293",0.071,0.931,"hickory"
"294",0.076,0.953,"hickory"
"295",0.065,0.981,"hickory"
"296",0.064,0.981,"hickory"
"297",0.047,0.749,"hickory"
"298",0.041,0.96,"hickory"
"299",0.031,0.965,"hickory"
"300",0.031,0.963,"hickory"
"301",0.052,0.949,"hickory"
"302",0.207,0.918,"hickory"
"303",0.183,0.908,"hickory"
"304",0.172,0.908,"hickory"
"305",0.175,0.88,"hickory"
"306",0.216,0.892,"hickory"
"307",0.219,0.853,"hickory"
"308",0.16,0.864,"hickory"
"309",0.198,0.852,"hickory"
"310",0.278,0.912,"hickory"
"311",0.245,0.912,"hickory"
"312",0.229,0.896,"hickory"
"313",0.24,0.889,"hickory"
"314",0.246,0.896,"hickory"
"315",0.274,0.89,"hickory"
"316",0.219,0.945,"hickory"
"317",0.244,0.947,"hickory"
"318",0.279,0.979,"hickory"
"319",0.288,0.924,"hickory"
"320",0.234,0.943,"hickory"
"321",0.209,0.922,"hickory"
"322",0.168,0.922,"hickory"
"323",0.163,0.932,"hickory"
"324",0.17,0.763,"hickory"
"325",0.163,0.767,"hickory"
"326",0.154,0.767,"hickory"
"327",0.159,0.756,"hickory"
"328",0.157,0.723,"hickory"
"329",0.179,0.748,"hickory"
"330",0.166,0.724,"hickory"
"331",0.281,0.78,"hickory"
"332",0.258,0.768,"hickory"
"333",0.229,0.815,"hickory"
"334",0.238,0.816,"hickory"
"335",0.249,0.829,"hickory"
"336",0.248,0.835,"hickory"
"337",0.279,0.804,"hickory"
"338",0.265,0.802,"hickory"
"339",0.225,0.792,"hickory"
"340",0.228,0.789,"hickory"
"341",0.153,0.831,"hickory"
"342",0.162,0.846,"hickory"
"343",0.167,0.812,"hickory"
"344",0.176,0.815,"hickory"
"345",0.174,0.831,"hickory"
"346",0.203,0.839,"hickory"
"347",0.211,0.827,"hickory"
"348",0.16,0.784,"hickory"
"349",0.186,0.845,"hickory"
"350",0.155,0.607,"hickory"
"351",0.193,0.568,"hickory"
"352",0.174,0.598,"hickory"
"353",0.166,0.61,"hickory"
"354",0.268,0.592,"hickory"
"355",0.258,0.59,"hickory"
"356",0.26,0.582,"hickory"
"357",0.253,0.703,"hickory"
"358",0.276,0.677,"hickory"
"359",0.289,0.672,"hickory"
"360",0.207,0.7,"hickory"
"361",0.156,0.67,"hickory"
"362",0.162,0.68,"hickory"
"363",0.148,0.661,"hickory"
"364",0.161,0.489,"hickory"
"365",0.209,0.495,"hickory"
"366",0.224,0.477,"hickory"
"367",0.228,0.487,"hickory"
"368",0.222,0.457,"hickory"
"369",0.22,0.445,"hickory"
"370",0.238,0.55,"hickory"
"371",0.247,0.519,"hickory"
"372",0.229,0.522,"hickory"
"373",0.221,0.521,"hickory"
"374",0.254,0.498,"hickory"
"375",0.262,0.524,"hickory"
"376",0.159,0.555,"hickory"
"377",0.212,0.527,"hickory"
"378",0.158,0.527,"hickory"
"379",0.201,0.521,"hickory"
"380",0.193,0.325,"hickory"
"381",0.216,0.325,"hickory"
"382",0.286,0.408,"hickory"
"383",0.289,0.409,"hickory"
"384",0.223,0.402,"hickory"
"385",0.229,0.4,"hickory"
"386",0.211,0.395,"hickory"
"387",0.212,0.255,"hickory"
"388",0.184,0.288,"hickory"
"389",0.198,0.062,"hickory"
"390",0.183,0,"hickory"
"391",0.148,0.015,"hickory"
"392",0.185,0.013,"hickory"
"393",0.251,0.066,"hickory"
"394",0.256,0.013,"hickory"
"395",0.271,0.016,"hickory"
"396",0.258,0.019,"hickory"
"397",0.234,0.012,"hickory"
"398",0.242,0.126,"hickory"
"399",0.242,0.136,"hickory"
"400",0.268,0.108,"hickory"
"401",0.265,0.088,"hickory"
"402",0.253,0.104,"hickory"
"403",0.256,0.071,"hickory"
"404",0.398,0.154,"hickory"
"405",0.416,0.167,"hickory"
"406",0.424,0.156,"hickory"
"407",0.413,0.182,"hickory"
"408",0.37,0.251,"hickory"
"409",0.419,0.273,"hickory"
"410",0.385,0.273,"hickory"
"411",0.29,0.293,"hickory"
"412",0.394,0.307,"hickory"
"413",0.404,0.312,"hickory"
"414",0.415,0.306,"hickory"
"415",0.417,0.326,"hickory"
"416",0.372,0.368,"hickory"
"417",0.302,0.008,"hickory"
"418",0.32,0.061,"hickory"
"419",0.294,0.066,"hickory"
"420",0.406,0.008,"hickory"
"421",0.289,0.095,"hickory"
"422",0.339,0.131,"hickory"
"423",0.409,0.408,"hickory"
"424",0.404,0.418,"hickory"
"425",0.335,0.407,"hickory"
"426",0.354,0.422,"hickory"
"427",0.31,0.438,"hickory"
"428",0.332,0.426,"hickory"
"429",0.317,0.465,"hickory"
"430",0.338,0.477,"hickory"
"431",0.394,0.436,"hickory"
"432",0.417,0.45,"hickory"
"433",0.427,0.436,"hickory"
"434",0.43,0.447,"hickory"
"435",0.474,0.477,"hickory"
"436",0.329,0.532,"hickory"
"437",0.33,0.531,"hickory"
"438",0.335,0.508,"hickory"
"439",0.353,0.561,"hickory"
"440",0.323,0.613,"hickory"
"441",0.348,0.62,"hickory"
"442",0.347,0.667,"hickory"
"443",0.409,0.649,"hickory"
"444",0.356,0.709,"hickory"
"445",0.304,0.701,"hickory"
"446",0.331,0.718,"hickory"
"447",0.307,0.716,"hickory"
"448",0.323,0.737,"hickory"
"449",0.331,0.727,"hickory"
"450",0.333,0.746,"hickory"
"451",0.342,0.725,"hickory"
"452",0.347,0.727,"hickory"
"453",0.358,0.725,"hickory"
"454",0.36,0.769,"hickory"
"455",0.342,0.771,"hickory"
"456",0.344,0.761,"hickory"
"457",0.346,0.755,"hickory"
"458",0.302,0.752,"hickory"
"459",0.304,0.769,"hickory"
"460",0.318,0.781,"hickory"
"461",0.333,0.763,"hickory"
"462",0.387,0.722,"hickory"
"463",0.425,0.719,"hickory"
"464",0.37,0.775,"hickory"
"465",0.405,0.847,"hickory"
"466",0.419,0.819,"hickory"
"467",0.408,0.833,"hickory"
"468",0.398,0.832,"hickory"
"469",0.39,0.839,"hickory"
"470",0.367,0.83,"hickory"
"471",0.304,0.785,"hickory"
"472",0.308,0.792,"hickory"
"473",0.314,0.802,"hickory"
"474",0.328,0.787,"hickory"
"475",0.329,0.847,"hickory"
"476",0.312,0.654,"hickory"
"477",0.321,0.865,"hickory"
"478",0.325,0.882,"hickory"
"479",0.323,0.902,"hickory"
"480",0.294,0.909,"hickory"
"481",0.38,0.856,"hickory"
"482",0.389,0.927,"hickory"
"483",0.425,0.973,"hickory"
"484",0.384,0.972,"hickory"
"485",0.366,0.973,"hickory"
"486",0.307,0.985,"hickory"
"487",0.291,0.986,"hickory"
"488",0.412,0.946,"hickory"
"489",0.465,0.897,"hickory"
"490",0.463,0.915,"hickory"
"491",0.44,0.987,"hickory"
"492",0.461,0.987,"hickory"
"493",0.497,0.958,"hickory"
"494",0.438,0.756,"hickory"
"495",0.553,0.76,"hickory"
"496",0.576,0.833,"hickory"
"497",0.475,0.834,"hickory"
"498",0.436,0.841,"hickory"
"499",0.513,0.703,"hickory"
"500",0.538,0.522,"hickory"
"501",0.459,0.486,"hickory"
"502",0.49,0.489,"hickory"
"503",0.498,0.471,"hickory"
"504",0.501,0.435,"hickory"
"505",0.501,0.446,"hickory"
"506",0.444,0.435,"hickory"
"507",0.578,0.501,"hickory"
"508",0.543,0.47,"hickory"
"509",0.556,0.465,"hickory"
"510",0.54,0.452,"hickory"
"511",0.448,0.542,"hickory"
"512",0.459,0.537,"hickory"
"513",0.491,0.522,"hickory"
"514",0.475,0.522,"hickory"
"515",0.459,0.527,"hickory"
"516",0.492,0.561,"hickory"
"517",0.456,0.53,"hickory"
"518",0.438,0.35,"hickory"
"519",0.473,0.332,"hickory"
"520",0.473,0.308,"hickory"
"521",0.556,0.354,"hickory"
"522",0.437,0.421,"hickory"
"523",0.446,0.412,"hickory"
"524",0.508,0.41,"hickory"
"525",0.482,0.403,"hickory"
"526",0.487,0.182,"hickory"
"527",0.439,0.157,"hickory"
"528",0.534,0.254,"hickory"
"529",0.569,0.127,"hickory"
"530",0.495,0.119,"hickory"
"531",0.439,0.104,"hickory"
"532",0.459,0.094,"hickory"
"533",0.693,0.006,"hickory"
"534",0.686,0.008,"hickory"
"535",0.708,0.133,"hickory"
"536",0.657,0.128,"hickory"
"537",0.577,0.105,"hickory"
"538",0.608,0.098,"hickory"
"539",0.619,0.132,"hickory"
"540",0.609,0.126,"hickory"
"541",0.631,0.168,"hickory"
"542",0.621,0.201,"hickory"
"543",0.62,0.203,"hickory"
"544",0.617,0.19,"hickory"
"545",0.708,0.184,"hickory"
"546",0.671,0.218,"hickory"
"547",0.619,0.347,"hickory"
"548",0.659,0.354,"hickory"
"549",0.694,0.376,"hickory"
"550",0.682,0.377,"hickory"
"551",0.601,0.385,"hickory"
"552",0.585,0.404,"hickory"
"553",0.616,0.491,"hickory"
"554",0.615,0.492,"hickory"
"555",0.636,0.496,"hickory"
"556",0.639,0.492,"hickory"
"557",0.682,0.442,"hickory"
"558",0.712,0.458,"hickory"
"559",0.706,0.476,"hickory"
"560",0.696,0.466,"hickory"
"561",0.672,0.476,"hickory"
"562",0.658,0.494,"hickory"
"563",0.714,0.501,"hickory"
"564",0.661,0.525,"hickory"
"565",0.673,0.534,"hickory"
"566",0.66,0.562,"hickory"
"567",0.629,0.516,"hickory"
"568",0.617,0.537,"hickory"
"569",0.604,0.543,"hickory"
"570",0.588,0.547,"hickory"
"571",0.584,0.595,"hickory"
"572",0.609,0.597,"hickory"
"573",0.712,0.584,"hickory"
"574",0.703,0.618,"hickory"
"575",0.667,0.702,"hickory"
"576",0.666,0.715,"hickory"
"577",0.579,0.718,"hickory"
"578",0.641,0.739,"hickory"
"579",0.602,0.753,"hickory"
"580",0.695,0.737,"hickory"
"581",0.686,0.751,"hickory"
"582",0.672,0.762,"hickory"
"583",0.656,0.721,"hickory"
"584",0.659,0.795,"hickory"
"585",0.598,0.839,"hickory"
"586",0.619,0.841,"hickory"
"587",0.584,0.855,"hickory"
"588",0.629,0.91,"hickory"
"589",0.585,0.854,"hickory"
"590",0.654,0.851,"hickory"
"591",0.654,0.897,"hickory"
"592",0.661,0.937,"hickory"
"593",0.683,0.948,"hickory"
"594",0.68,0.987,"hickory"
"595",0.677,0.923,"hickory"
"596",0.663,0.958,"hickory"
"597",0.627,0.952,"hickory"
"598",0.639,0.935,"hickory"
"599",0.64,0.983,"hickory"
"600",0.64,0.983,"hickory"
"601",0.623,0.986,"hickory"
"602",0.608,0.979,"hickory"
"603",0.596,0.989,"hickory"
"604",0.639,0.983,"hickory"
"605",0.767,0.922,"hickory"
"606",0.733,0.902,"hickory"
"607",0.747,0.883,"hickory"
"608",0.779,0.873,"hickory"
"609",0.839,0.913,"hickory"
"610",0.813,0.96,"hickory"
"611",0.848,0.981,"hickory"
"612",0.852,0.979,"hickory"
"613",0.854,0.984,"hickory"
"614",0.858,0.944,"hickory"
"615",0.721,0.978,"hickory"
"616",0.782,0.974,"hickory"
"617",0.776,0.947,"hickory"
"618",0.728,0.924,"hickory"
"619",0.737,0.718,"hickory"
"620",0.838,0.782,"hickory"
"621",0.811,0.769,"hickory"
"622",0.821,0.752,"hickory"
"623",0.831,0.744,"hickory"
"624",0.855,0.844,"hickory"
"625",0.823,0.812,"hickory"
"626",0.82,0.805,"hickory"
"627",0.828,0.813,"hickory"
"628",0.827,0.811,"hickory"
"629",0.819,0.813,"hickory"
"630",0.815,0.819,"hickory"
"631",0.758,0.819,"hickory"
"632",0.768,0.831,"hickory"
"633",0.742,0.648,"hickory"
"634",0.789,0.62,"hickory"
"635",0.793,0.585,"hickory"
"636",0.771,0.597,"hickory"
"637",0.763,0.583,"hickory"
"638",0.748,0.604,"hickory"
"639",0.831,0.65,"hickory"
"640",0.803,0.637,"hickory"
"641",0.842,0.635,"hickory"
"642",0.816,0.591,"hickory"
"643",0.804,0.588,"hickory"
"644",0.798,0.706,"hickory"
"645",0.803,0.7,"hickory"
"646",0.806,0.701,"hickory"
"647",0.811,0.665,"hickory"
"648",0.801,0.68,"hickory"
"649",0.832,0.674,"hickory"
"650",0.744,0.703,"hickory"
"651",0.786,0.711,"hickory"
"652",0.75,0.671,"hickory"
"653",0.769,0.495,"hickory"
"654",0.738,0.471,"hickory"
"655",0.756,0.472,"hickory"
"656",0.764,0.47,"hickory"
"657",0.777,0.443,"hickory"
"658",0.753,0.442,"hickory"
"659",0.748,0.453,"hickory"
"660",0.738,0.446,"hickory"
"661",0.731,0.439,"hickory"
"662",0.802,0.465,"hickory"
"663",0.848,0.479,"hickory"
"664",0.823,0.438,"hickory"
"665",0.804,0.545,"hickory"
"666",0.827,0.544,"hickory"
"667",0.83,0.538,"hickory"
"668",0.842,0.555,"hickory"
"669",0.831,0.509,"hickory"
"670",0.741,0.537,"hickory"
"671",0.782,0.55,"hickory"
"672",0.774,0.51,"hickory"
"673",0.727,0.526,"hickory"
"674",0.841,0.338,"hickory"
"675",0.803,0.413,"hickory"
"676",0.816,0.395,"hickory"
"677",0.746,0.407,"hickory"
"678",0.79,0.393,"hickory"
"679",0.725,0.422,"hickory"
"680",0.784,0.389,"hickory"
"681",0.727,0.201,"hickory"
"682",0.773,0.185,"hickory"
"683",0.832,0.149,"hickory"
"684",0.802,0.155,"hickory"
"685",0.854,0.268,"hickory"
"686",0.832,0.222,"hickory"
"687",0.829,0.223,"hickory"
"688",0.825,0.233,"hickory"
"689",0.846,0.256,"hickory"
"690",0.778,0.279,"hickory"
"691",0.789,0.253,"hickory"
"692",0.729,0.231,"hickory"
"693",0.782,0.014,"hickory"
"694",0.794,0.032,"hickory"
"695",0.823,0.015,"hickory"
"696",0.785,0.078,"hickory"
"697",0.748,0.123,"hickory"
"698",0.95,0.021,"hickory"
"699",0.926,0.052,"hickory"
"700",0.943,0.093,"hickory"
"701",0.951,0.08,"hickory"
"702",0.907,0.115,"hickory"
"703",0.895,0.149,"hickory"
"704",0.908,0.148,"hickory"
"705",0.976,0.181,"hickory"
"706",1,0.199,"hickory"
"707",0.991,0.199,"hickory"
"708",0.97,0.211,"hickory"
"709",0.944,0.205,"hickory"
"710",0.972,0.264,"hickory"
"711",0.923,0.278,"hickory"
"712",0.916,0.277,"hickory"
"713",0.997,0.234,"hickory"
"714",0.88,0.227,"hickory"
"715",0.898,0.254,"hickory"
"716",0.866,0.293,"hickory"
"717",0.881,0.289,"hickory"
"718",0.906,0.305,"hickory"
"719",0.896,0.34,"hickory"
"720",0.892,0.343,"hickory"
"721",0.883,0.325,"hickory"
"722",0.874,0.33,"hickory"
"723",0.893,0.315,"hickory"
"724",0.913,0.31,"hickory"
"725",0.929,0.315,"hickory"
"726",0.968,0.285,"hickory"
"727",0.932,0.324,"hickory"
"728",0.924,0.333,"hickory"
"729",0.948,0.341,"hickory"
"730",0.942,0.364,"hickory"
"731",0.949,0.359,"hickory"
"732",0.962,0.37,"hickory"
"733",0.998,0.421,"hickory"
"734",0.987,0.292,"hickory"
"735",0.963,0.323,"hickory"
"736",0.951,0.325,"hickory"
"737",0.946,0.325,"hickory"
"738",0.964,0.424,"hickory"
"739",0.951,0.399,"hickory"
"740",0.881,0.394,"hickory"
"741",0.916,0.396,"hickory"
"742",0.922,0.38,"hickory"
"743",0.927,0.399,"hickory"
"744",0.892,0.417,"hickory"
"745",0.885,0.425,"hickory"
"746",0.872,0.406,"hickory"
"747",0.872,0.427,"hickory"
"748",0.908,0.43,"hickory"
"749",0.921,0.501,"hickory"
"750",0.908,0.479,"hickory"
"751",0.877,0.465,"hickory"
"752",0.972,0.444,"hickory"
"753",0.977,0.445,"hickory"
"754",0.953,0.496,"hickory"
"755",0.977,0.534,"hickory"
"756",0.95,0.557,"hickory"
"757",0.89,0.515,"hickory"
"758",0.939,0.511,"hickory"
"759",0.918,0.544,"hickory"
"760",0.905,0.621,"hickory"
"761",0.897,0.607,"hickory"
"762",0.924,0.591,"hickory"
"763",0.955,0.663,"hickory"
"764",0.969,0.657,"hickory"
"765",0.945,0.692,"hickory"
"766",0.968,0.607,"hickory"
"767",0.982,0.604,"hickory"
"768",0.978,0.628,"hickory"
"769",0.966,0.697,"hickory"
"770",0.882,0.662,"hickory"
"771",0.89,0.665,"hickory"
"772",0.89,0.661,"hickory"
"773",0.889,0.652,"hickory"
"774",0.89,0.647,"hickory"
"775",0.927,0.654,"hickory"
"776",0.946,0.66,"hickory"
"777",0.932,0.701,"hickory"
"778",0.903,0.712,"hickory"
"779",0.902,0.688,"hickory"
"780",0.885,0.696,"hickory"
"781",0.902,0.697,"hickory"
"782",0.895,0.747,"hickory"
"783",0.926,0.775,"hickory"
"784",0.93,0.763,"hickory"
"785",0.905,0.76,"hickory"
"786",0.894,0.774,"hickory"
"787",0.895,0.781,"hickory"
"788",0.896,0.782,"hickory"
"789",0.889,0.749,"hickory"
"790",0.892,0.762,"hickory"
"791",0.952,0.736,"hickory"
"792",0.96,0.722,"hickory"
"793",0.973,0.722,"hickory"
"794",0.996,0.736,"hickory"
"795",0.95,0.76,"hickory"
"796",0.95,0.747,"hickory"
"797",0.938,0.748,"hickory"
"798",0.936,0.771,"hickory"
"799",0.969,0.737,"hickory"
"800",0.953,0.791,"hickory"
"801",0.957,0.805,"hickory"
"802",0.959,0.8,"hickory"
"803",0.996,0.802,"hickory"
"804",0.972,0.837,"hickory"
"805",0.974,0.827,"hickory"
"806",0.944,0.826,"hickory"
"807",0.883,0.789,"hickory"
"808",0.874,0.794,"hickory"
"809",0.919,0.792,"hickory"
"810",0.916,0.828,"hickory"
"811",0.908,0.854,"hickory"
"812",0.9,0.841,"hickory"
"813",0.881,0.855,"hickory"
"814",0.868,0.857,"hickory"
"815",0.921,0.884,"hickory"
"816",0.923,0.921,"hickory"
"817",0.934,0.856,"hickory"
"818",0.963,0.904,"hickory"
"819",0.936,0.922,"hickory"
"820",0.968,0.902,"hickory"
"821",0.984,0.931,"hickory"
"822",0.998,0.975,"hickory"
"823",0.987,0.977,"hickory"
"824",0.992,0.986,"hickory"
"825",0.963,0.985,"hickory"
"826",0.944,0.977,"hickory"
"827",0.93,0.277,"hickory"
"828",0.957,0.939,"hickory"
"829",0.994,0.985,"hickory"
"830",0.883,0.958,"hickory"
"831",0.909,0.963,"hickory"
"832",0.925,0.989,"hickory"
"833",0.879,0.985,"hickory"
"834",0.896,0.961,"hickory"
"835",0.891,0.991,"hickory"
"836",0.858,0.984,"hickory"
"837",0.391,0.402,"hickory"
"838",0.421,0.383,"hickory"
"839",0.121,0.041,"maple"
"840",0.097,0.064,"maple"
"841",0.135,0.064,"maple"
"842",0.131,0.106,"maple"
"843",0.116,0.079,"maple"
"844",0.067,0.121,"maple"
"845",0.058,0.083,"maple"
"846",0.009,0.147,"maple"
"847",0.116,0.157,"maple"
"848",0.137,0.169,"maple"
"849",0.119,0.2,"maple"
"850",0.096,0.194,"maple"
"851",0.081,0.208,"maple"
"852",0.094,0.205,"maple"
"853",0.106,0.156,"maple"
"854",0.14,0.184,"maple"
"855",0.096,0.195,"maple"
"856",0.095,0.19,"maple"
"857",0.077,0.218,"maple"
"858",0.081,0.242,"maple"
"859",0.131,0.266,"maple"
"860",0.132,0.267,"maple"
"861",0.128,0.276,"maple"
"862",0.104,0.261,"maple"
"863",0.092,0.254,"maple"
"864",0.087,0.258,"maple"
"865",0.07,0.223,"maple"
"866",0.14,0.334,"maple"
"867",0.066,0.732,"maple"
"868",0.227,0.865,"maple"
"869",0.249,0.945,"maple"
"870",0.146,0.721,"maple"
"871",0.26,0.744,"maple"
"872",0.195,0.583,"maple"
"873",0.275,0.616,"maple"
"874",0.285,0.571,"maple"
"875",0.275,0.57,"maple"
"876",0.284,0.683,"maple"
"877",0.29,0.697,"maple"
"878",0.274,0.648,"maple"
"879",0.2,0.455,"maple"
"880",0.25,0.466,"maple"
"881",0.248,0.478,"maple"
"882",0.255,0.567,"maple"
"883",0.17,0.294,"maple"
"884",0.251,0.301,"maple"
"885",0.225,0.292,"maple"
"886",0.265,0.413,"maple"
"887",0.182,0.372,"maple"
"888",0.159,0.169,"maple"
"889",0.186,0.175,"maple"
"890",0.198,0.212,"maple"
"891",0.202,0.18,"maple"
"892",0.206,0.206,"maple"
"893",0.196,0.17,"maple"
"894",0.188,0.147,"maple"
"895",0.173,0.146,"maple"
"896",0.17,0.161,"maple"
"897",0.226,0.26,"maple"
"898",0.255,0.266,"maple"
"899",0.265,0.228,"maple"
"900",0.194,0.282,"maple"
"901",0.197,0.266,"maple"
"902",0.187,0.253,"maple"
"903",0.152,0.224,"maple"
"904",0.143,0.031,"maple"
"905",0.2,0.042,"maple"
"906",0.207,0.006,"maple"
"907",0.176,0.028,"maple"
"908",0.177,0.024,"maple"
"909",0.269,0.067,"maple"
"910",0.274,0.05,"maple"
"911",0.228,0.094,"maple"
"912",0.15,0.083,"maple"
"913",0.158,0.132,"maple"
"914",0.17,0.126,"maple"
"915",0.176,0.114,"maple"
"916",0.301,0.173,"maple"
"917",0.318,0.143,"maple"
"918",0.329,0.156,"maple"
"919",0.339,0.201,"maple"
"920",0.314,0.188,"maple"
"921",0.313,0.187,"maple"
"922",0.31,0.209,"maple"
"923",0.376,0.166,"maple"
"924",0.406,0.167,"maple"
"925",0.425,0.202,"maple"
"926",0.373,0.174,"maple"
"927",0.372,0.173,"maple"
"928",0.372,0.237,"maple"
"929",0.398,0.228,"maple"
"930",0.425,0.271,"maple"
"931",0.334,0.271,"maple"
"932",0.213,0.096,"maple"
"933",0.147,0.139,"maple"
"934",0.179,0.083,"maple"
"935",0.175,0.103,"maple"
"936",0.353,0.029,"maple"
"937",0.334,0.042,"maple"
"938",0.303,0.042,"maple"
"939",0.295,0.068,"maple"
"940",0.351,0.049,"maple"
"941",0.358,0.002,"maple"
"942",0.377,0.009,"maple"
"943",0.41,0.003,"maple"
"944",0.373,0.063,"maple"
"945",0.402,0.026,"maple"
"946",0.38,0.094,"maple"
"947",0.408,0.12,"maple"
"948",0.425,0.122,"maple"
"949",0.372,0.077,"maple"
"950",0.331,0.137,"maple"
"951",0.343,0.462,"maple"
"952",0.31,0.489,"maple"
"953",0.287,0.461,"maple"
"954",0.399,0.481,"maple"
"955",0.392,0.504,"maple"
"956",0.416,0.534,"maple"
"957",0.4,0.548,"maple"
"958",0.372,0.564,"maple"
"959",0.402,0.531,"maple"
"960",0.318,0.517,"maple"
"961",0.347,0.517,"maple"
"962",0.346,0.518,"maple"
"963",0.344,0.537,"maple"
"964",0.354,0.519,"maple"
"965",0.335,0.568,"maple"
"966",0.331,0.574,"maple"
"967",0.314,0.568,"maple"
"968",0.305,0.552,"maple"
"969",0.35,0.629,"maple"
"970",0.376,0.578,"maple"
"971",0.391,0.584,"maple"
"972",0.425,0.585,"maple"
"973",0.432,0.578,"maple"
"974",0.429,0.596,"maple"
"975",0.429,0.597,"maple"
"976",0.43,0.622,"maple"
"977",0.43,0.639,"maple"
"978",0.415,0.621,"maple"
"979",0.413,0.622,"maple"
"980",0.398,0.626,"maple"
"981",0.396,0.627,"maple"
"982",0.369,0.632,"maple"
"983",0.368,0.631,"maple"
"984",0.385,0.63,"maple"
"985",0.368,0.662,"maple"
"986",0.369,0.667,"maple"
"987",0.402,0.649,"maple"
"988",0.41,0.649,"maple"
"989",0.417,0.666,"maple"
"990",0.402,0.67,"maple"
"991",0.412,0.681,"maple"
"992",0.416,0.684,"maple"
"993",0.421,0.697,"maple"
"994",0.406,0.708,"maple"
"995",0.398,0.69,"maple"
"996",0.379,0.695,"maple"
"997",0.422,0.661,"maple"
"998",0.346,0.663,"maple"
"999",0.354,0.655,"maple"
"1000",0.356,0.655,"maple"
"1001",0.351,0.709,"maple"
"1002",0.325,0.698,"maple"
"1003",0.294,0.689,"maple"
"1004",0.312,0.699,"maple"
"1005",0.354,0.718,"maple"
"1006",0.424,0.971,"maple"
"1007",0.318,0.978,"maple"
"1008",0.494,0.87,"maple"
"1009",0.531,0.874,"maple"
"1010",0.529,0.86,"maple"
"1011",0.508,0.948,"maple"
"1012",0.463,0.734,"maple"
"1013",0.511,0.746,"maple"
"1014",0.532,0.749,"maple"
"1015",0.548,0.733,"maple"
"1016",0.517,0.731,"maple"
"1017",0.516,0.716,"maple"
"1018",0.486,0.801,"maple"
"1019",0.439,0.632,"maple"
"1020",0.439,0.585,"maple"
"1021",0.439,0.584,"maple"
"1022",0.435,0.574,"maple"
"1023",0.522,0.634,"maple"
"1024",0.552,0.632,"maple"
"1025",0.545,0.569,"maple"
"1026",0.524,0.629,"maple"
"1027",0.499,0.712,"maple"
"1028",0.519,0.696,"maple"
"1029",0.516,0.682,"maple"
"1030",0.537,0.639,"maple"
"1031",0.436,0.682,"maple"
"1032",0.499,0.478,"maple"
"1033",0.521,0.439,"maple"
"1034",0.503,0.43,"maple"
"1035",0.45,0.463,"maple"
"1036",0.459,0.434,"maple"
"1037",0.435,0.46,"maple"
"1038",0.474,0.421,"maple"
"1039",0.571,0.47,"maple"
"1040",0.552,0.541,"maple"
"1041",0.568,0.54,"maple"
"1042",0.537,0.53,"maple"
"1043",0.543,0.505,"maple"
"1044",0.524,0.521,"maple"
"1045",0.455,0.555,"maple"
"1046",0.478,0.526,"maple"
"1047",0.463,0.522,"maple"
"1048",0.456,0.498,"maple"
"1049",0.483,0.327,"maple"
"1050",0.502,0.29,"maple"
"1051",0.466,0.289,"maple"
"1052",0.465,0.289,"maple"
"1053",0.494,0.34,"maple"
"1054",0.515,0.32,"maple"
"1055",0.566,0.298,"maple"
"1056",0.545,0.335,"maple"
"1057",0.524,0.403,"maple"
"1058",0.57,0.379,"maple"
"1059",0.534,0.372,"maple"
"1060",0.512,0.399,"maple"
"1061",0.642,0.429,"maple"
"1062",0.573,0.396,"maple"
"1063",0.526,0.359,"maple"
"1064",0.466,0.405,"maple"
"1065",0.447,0.202,"maple"
"1066",0.479,0.186,"maple"
"1067",0.484,0.144,"maple"
"1068",0.462,0.162,"maple"
"1069",0.46,0.147,"maple"
"1070",0.503,0.208,"maple"
"1071",0.549,0.21,"maple"
"1072",0.555,0.192,"maple"
"1073",0.534,0.174,"maple"
"1074",0.526,0.161,"maple"
"1075",0.514,0.229,"maple"
"1076",0.504,0.254,"maple"
"1077",0.5,0.231,"maple"
"1078",0.499,0.232,"maple"
"1079",0.485,0.234,"maple"
"1080",0.484,0.234,"maple"
"1081",0.463,0.225,"maple"
"1082",0.458,0.037,"maple"
"1083",0.476,0.045,"maple"
"1084",0.494,0.021,"maple"
"1085",0.484,0.009,"maple"
"1086",0.475,0.021,"maple"
"1087",0.46,0.008,"maple"
"1088",0.45,0.025,"maple"
"1089",0.531,0.061,"maple"
"1090",0.571,0.084,"maple"
"1091",0.561,0.076,"maple"
"1092",0.531,0.084,"maple"
"1093",0.529,0.09,"maple"
"1094",0.497,0.14,"maple"
"1095",0.482,0.092,"maple"
"1096",0.444,0.085,"maple"
"1097",0.577,0.016,"maple"
"1098",0.613,0.039,"maple"
"1099",0.62,0.017,"maple"
"1100",0.585,0.027,"maple"
"1101",0.665,0.005,"maple"
"1102",0.679,0.022,"maple"
"1103",0.701,0.065,"maple"
"1104",0.673,0.062,"maple"
"1105",0.685,0.014,"maple"
"1106",0.649,0.11,"maple"
"1107",0.584,0.092,"maple"
"1108",0.59,0.096,"maple"
"1109",0.633,0.073,"maple"
"1110",0.576,0.157,"maple"
"1111",0.59,0.152,"maple"
"1112",0.592,0.15,"maple"
"1113",0.593,0.153,"maple"
"1114",0.607,0.153,"maple"
"1115",0.608,0.153,"maple"
"1116",0.621,0.168,"maple"
"1117",0.627,0.158,"maple"
"1118",0.605,0.189,"maple"
"1119",0.587,0.161,"maple"
"1120",0.643,0.152,"maple"
"1121",0.598,0.201,"maple"
"1122",0.65,0.156,"maple"
"1123",0.711,0.153,"maple"
"1124",0.673,0.19,"maple"
"1125",0.7,0.209,"maple"
"1126",0.698,0.212,"maple"
"1127",0.682,0.209,"maple"
"1128",0.657,0.249,"maple"
"1129",0.676,0.237,"maple"
"1130",0.705,0.227,"maple"
"1131",0.715,0.227,"maple"
"1132",0.714,0.232,"maple"
"1133",0.705,0.253,"maple"
"1134",0.703,0.263,"maple"
"1135",0.681,0.256,"maple"
"1136",0.714,0.247,"maple"
"1137",0.615,0.244,"maple"
"1138",0.618,0.226,"maple"
"1139",0.619,0.226,"maple"
"1140",0.622,0.24,"maple"
"1141",0.646,0.221,"maple"
"1142",0.616,0.267,"maple"
"1143",0.576,0.269,"maple"
"1144",0.616,0.268,"maple"
"1145",0.593,0.292,"maple"
"1146",0.609,0.311,"maple"
"1147",0.655,0.295,"maple"
"1148",0.666,0.304,"maple"
"1149",0.663,0.317,"maple"
"1150",0.688,0.308,"maple"
"1151",0.688,0.36,"maple"
"1152",0.662,0.37,"maple"
"1153",0.658,0.389,"maple"
"1154",0.626,0.39,"maple"
"1155",0.578,0.46,"maple"
"1156",0.62,0.432,"maple"
"1157",0.63,0.482,"maple"
"1158",0.608,0.475,"maple"
"1159",0.592,0.496,"maple"
"1160",0.607,0.469,"maple"
"1161",0.595,0.466,"maple"
"1162",0.596,0.482,"maple"
"1163",0.624,0.496,"maple"
"1164",0.634,0.588,"maple"
"1165",0.645,0.63,"maple"
"1166",0.64,0.643,"maple"
"1167",0.626,0.629,"maple"
"1168",0.615,0.644,"maple"
"1169",0.576,0.618,"maple"
"1170",0.681,0.608,"maple"
"1171",0.66,0.618,"maple"
"1172",0.689,0.644,"maple"
"1173",0.712,0.649,"maple"
"1174",0.685,0.631,"maple"
"1175",0.653,0.685,"maple"
"1176",0.668,0.686,"maple"
"1177",0.666,0.656,"maple"
"1178",0.675,0.657,"maple"
"1179",0.692,0.68,"maple"
"1180",0.692,0.701,"maple"
"1181",0.679,0.681,"maple"
"1182",0.677,0.709,"maple"
"1183",0.676,0.709,"maple"
"1184",0.62,0.656,"maple"
"1185",0.626,0.676,"maple"
"1186",0.632,0.676,"maple"
"1187",0.64,0.685,"maple"
"1188",0.609,0.693,"maple"
"1189",0.597,0.733,"maple"
"1190",0.606,0.744,"maple"
"1191",0.607,0.744,"maple"
"1192",0.578,0.781,"maple"
"1193",0.579,0.742,"maple"
"1194",0.715,0.737,"maple"
"1195",0.715,0.738,"maple"
"1196",0.661,0.83,"maple"
"1197",0.574,0.785,"maple"
"1198",0.6,0.785,"maple"
"1199",0.621,0.792,"maple"
"1200",0.583,0.805,"maple"
"1201",0.577,0.805,"maple"
"1202",0.578,0.826,"maple"
"1203",0.613,0.905,"maple"
"1204",0.598,0.887,"maple"
"1205",0.593,0.891,"maple"
"1206",0.576,0.923,"maple"
"1207",0.592,0.892,"maple"
"1208",0.583,0.906,"maple"
"1209",0.595,0.925,"maple"
"1210",0.672,0.891,"maple"
"1211",0.574,0.937,"maple"
"1212",0.594,0.95,"maple"
"1213",0.59,0.953,"maple"
"1214",0.627,0.978,"maple"
"1215",0.78,0.868,"maple"
"1216",0.787,0.856,"maple"
"1217",0.735,0.929,"maple"
"1218",0.763,0.971,"maple"
"1219",0.759,0.789,"maple"
"1220",0.782,0.737,"maple"
"1221",0.782,0.738,"maple"
"1222",0.778,0.746,"maple"
"1223",0.806,0.713,"maple"
"1224",0.722,0.82,"maple"
"1225",0.75,0.633,"maple"
"1226",0.858,0.584,"maple"
"1227",0.872,0.642,"maple"
"1228",0.726,0.666,"maple"
"1229",0.755,0.685,"maple"
"1230",0.839,0.494,"maple"
"1231",0.848,0.509,"maple"
"1232",0.812,0.508,"maple"
"1233",0.807,0.515,"maple"
"1234",0.858,0.53,"maple"
"1235",0.765,0.532,"maple"
"1236",0.768,0.537,"maple"
"1237",0.787,0.514,"maple"
"1238",0.738,0.515,"maple"
"1239",0.869,0.38,"maple"
"1240",0.866,0.364,"maple"
"1241",0.733,0.337,"maple"
"1242",0.752,0.331,"maple"
"1243",0.779,0.32,"maple"
"1244",0.793,0.32,"maple"
"1245",0.763,0.285,"maple"
"1246",0.765,0.308,"maple"
"1247",0.756,0.294,"maple"
"1248",0.752,0.304,"maple"
"1249",0.725,0.285,"maple"
"1250",0.814,0.292,"maple"
"1251",0.727,0.382,"maple"
"1252",0.724,0.19,"maple"
"1253",0.772,0.144,"maple"
"1254",0.751,0.169,"maple"
"1255",0.841,0.193,"maple"
"1256",0.81,0.281,"maple"
"1257",0.824,0.267,"maple"
"1258",0.819,0.252,"maple"
"1259",0.831,0.267,"maple"
"1260",0.845,0.237,"maple"
"1261",0.791,0.218,"maple"
"1262",0.75,0.258,"maple"
"1263",0.754,0.273,"maple"
"1264",0.766,0.274,"maple"
"1265",0.772,0.26,"maple"
"1266",0.767,0.24,"maple"
"1267",0.779,0.229,"maple"
"1268",0.736,0.054,"maple"
"1269",0.737,0.054,"maple"
"1270",0.74,0.025,"maple"
"1271",0.715,0,"maple"
"1272",0.739,0.024,"maple"
"1273",0.826,0.026,"maple"
"1274",0.79,0.022,"maple"
"1275",0.844,0.137,"maple"
"1276",0.828,0.093,"maple"
"1277",0.808,0.103,"maple"
"1278",0.839,0.096,"maple"
"1279",0.752,0.116,"maple"
"1280",0.764,0.076,"maple"
"1281",0.727,0.094,"maple"
"1282",0.718,0.073,"maple"
"1283",0.879,0.032,"maple"
"1284",0.907,0.009,"maple"
"1285",0.921,0.029,"maple"
"1286",0.895,0.067,"maple"
"1287",0.88,0.049,"maple"
"1288",0.861,0.05,"maple"
"1289",0.656,0.062,"maple"
"1290",0.935,0.016,"maple"
"1291",0.945,0.027,"maple"
"1292",0.946,0.028,"maple"
"1293",0.973,0.017,"maple"
"1294",0.985,0.062,"maple"
"1295",0.946,0.058,"maple"
"1296",0.945,0.057,"maple"
"1297",0.968,0.025,"maple"
"1298",0.932,0.084,"maple"
"1299",0.931,0.107,"maple"
"1300",0.961,0.106,"maple"
"1301",0.968,0.098,"maple"
"1302",0.973,0.107,"maple"
"1303",0.969,0.118,"maple"
"1304",0.868,0.074,"maple"
"1305",0.867,0.078,"maple"
"1306",0.908,0.079,"maple"
"1307",0.917,0.141,"maple"
"1308",0.909,0.132,"maple"
"1309",0.9,0.117,"maple"
"1310",0.915,0.193,"maple"
"1311",0.916,0.185,"maple"
"1312",0.911,0.186,"maple"
"1313",0.91,0.185,"maple"
"1314",0.898,0.194,"maple"
"1315",0.899,0.182,"maple"
"1316",0.886,0.176,"maple"
"1317",0.89,0.205,"maple"
"1318",0.879,0.201,"maple"
"1319",0.867,0.202,"maple"
"1320",0.934,0.152,"maple"
"1321",0.97,0.15,"maple"
"1322",0.93,0.192,"maple"
"1323",0.951,0.219,"maple"
"1324",0.899,0.241,"maple"
"1325",0.906,0.232,"maple"
"1326",0.905,0.231,"maple"
"1327",0.925,0.494,"maple"
"1328",0.924,0.494,"maple"
"1329",0.963,0.46,"maple"
"1330",0.978,0.537,"maple"
"1331",0.979,0.551,"maple"
"1332",0.986,0.561,"maple"
"1333",0.963,0.548,"maple"
"1334",0.935,0.568,"maple"
"1335",0.897,0.564,"maple"
"1336",0.884,0.557,"maple"
"1337",0.878,0.563,"maple"
"1338",0.878,0.564,"maple"
"1339",0.913,0.584,"maple"
"1340",0.933,0.62,"maple"
"1341",0.88,0.609,"maple"
"1342",0.916,0.63,"maple"
"1343",0.95,0.631,"maple"
"1344",0.951,0.668,"maple"
"1345",0.985,0.591,"maple"
"1346",0.992,0.606,"maple"
"1347",0.994,0.608,"maple"
"1348",0.969,0.628,"maple"
"1349",0.907,0.652,"maple"
"1350",0.978,0.791,"maple"
"1351",0.867,0.977,"maple"
"1352",0.315,0.074,"maple"
"1353",0.027,0.041,"misc"
"1354",0.105,0.097,"misc"
"1355",0.008,0.134,"misc"
"1356",0.05,0.131,"misc"
"1357",0.009,0.113,"misc"
"1358",0.028,0.109,"misc"
"1359",0.027,0.156,"misc"
"1360",0.036,0.184,"misc"
"1361",0.028,0.171,"misc"
"1362",0.103,0.215,"misc"
"1363",0.124,0.247,"misc"
"1364",0.269,0.316,"misc"
"1365",0.21,0.161,"misc"
"1366",0.221,0.196,"misc"
"1367",0.22,0.182,"misc"
"1368",0.263,0.227,"misc"
"1369",0.245,0.235,"misc"
"1370",0.216,0.227,"misc"
"1371",0.211,0.22,"misc"
"1372",0.29,0.274,"misc"
"1373",0.163,0.261,"misc"
"1374",0.205,0.259,"misc"
"1375",0.173,0.245,"misc"
"1376",0.262,0.13,"misc"
"1377",0.251,0.105,"misc"
"1378",0.307,0.192,"misc"
"1379",0.342,0.287,"misc"
"1380",0.395,0.04,"misc"
"1381",0.423,0.076,"misc"
"1382",0.42,0.113,"misc"
"1383",0.402,0.656,"misc"
"1384",0.358,0.671,"misc"
"1385",0.504,0.951,"misc"
"1386",0.536,0.969,"misc"
"1387",0.539,0.956,"misc"
"1388",0.545,0.963,"misc"
"1389",0.561,0.721,"misc"
"1390",0.523,0.834,"misc"
"1391",0.503,0.624,"misc"
"1392",0.556,0.696,"misc"
"1393",0.434,0.657,"misc"
"1394",0.574,0.51,"misc"
"1395",0.552,0.516,"misc"
"1396",0.462,0.15,"misc"
"1397",0.535,0.146,"misc"
"1398",0.516,0.169,"misc"
"1399",0.488,0.063,"misc"
"1400",0.464,0.026,"misc"
"1401",0.567,0.073,"misc"
"1402",0.436,0.137,"misc"
"1403",0.437,0.117,"misc"
"1404",0.7,0.107,"misc"
"1405",0.66,0.236,"misc"
"1406",0.661,0.282,"misc"
"1407",0.601,0.469,"misc"
"1408",0.594,0.487,"misc"
"1409",0.719,0.549,"misc"
"1410",0.668,0.553,"misc"
"1411",0.639,0.517,"misc"
"1412",0.657,0.518,"misc"
"1413",0.602,0.56,"misc"
"1414",0.574,0.626,"misc"
"1415",0.646,0.669,"misc"
"1416",0.644,0.705,"misc"
"1417",0.64,0.71,"misc"
"1418",0.636,0.699,"misc"
"1419",0.573,0.724,"misc"
"1420",0.582,0.721,"misc"
"1421",0.619,0.731,"misc"
"1422",0.622,0.726,"misc"
"1423",0.677,0.788,"misc"
"1424",0.659,0.816,"misc"
"1425",0.677,0.866,"misc"
"1426",0.631,0.956,"misc"
"1427",0.837,0.989,"misc"
"1428",0.723,0.831,"misc"
"1429",0.723,0.83,"misc"
"1430",0.724,0.828,"misc"
"1431",0.781,0.602,"misc"
"1432",0.721,0.601,"misc"
"1433",0.817,0.568,"misc"
"1434",0.852,0.539,"misc"
"1435",0.839,0.569,"misc"
"1436",0.851,0.567,"misc"
"1437",0.811,0.535,"misc"
"1438",0.732,0.557,"misc"
"1439",0.762,0.55,"misc"
"1440",0.763,0.102,"misc"
"1441",0.96,0.008,"misc"
"1442",0.988,0.227,"misc"
"1443",0.933,0.472,"misc"
"1444",0.916,0.492,"misc"
"1445",0.91,0.492,"misc"
"1446",0.877,0.487,"misc"
"1447",0.987,0.451,"misc"
"1448",0.994,0.427,"misc"
"1449",0.946,0.481,"misc"
"1450",0.878,0.527,"misc"
"1451",0.879,0.534,"misc"
"1452",0.898,0.508,"misc"
"1453",0.917,0.606,"misc"
"1454",0.935,0.649,"misc"
"1455",0.895,0.686,"misc"
"1456",0.946,0.725,"misc"
"1457",0.327,0.108,"misc"
"1458",0.028,0.003,"redoak"
"1459",0.037,0.004,"redoak"
"1460",0.136,0,"redoak"
"1461",0.127,0.035,"redoak"
"1462",0.124,0.051,"redoak"
"1463",0.1,0.064,"redoak"
"1464",0.07,0.09,"redoak"
"1465",0.031,0.068,"redoak"
"1466",0.052,0.085,"redoak"
"1467",0.051,0.1,"redoak"
"1468",0.026,0.118,"redoak"
"1469",0.028,0.135,"redoak"
"1470",0.03,0.146,"redoak"
"1471",0.058,0.179,"redoak"
"1472",0.042,0.156,"redoak"
"1473",0.041,0.156,"redoak"
"1474",0.027,0.166,"redoak"
"1475",0.032,0.172,"redoak"
"1476",0.088,0.154,"redoak"
"1477",0.111,0.137,"redoak"
"1478",0.118,0.221,"redoak"
"1479",0.095,0.284,"redoak"
"1480",0.077,0.279,"redoak"
"1481",0.052,0.219,"redoak"
"1482",0.047,0.277,"redoak"
"1483",0.027,0.253,"redoak"
"1484",0.029,0.291,"redoak"
"1485",0.068,0.292,"redoak"
"1486",0.065,0.302,"redoak"
"1487",0.004,0.344,"redoak"
"1488",0.075,0.324,"redoak"
"1489",0.076,0.341,"redoak"
"1490",0.065,0.43,"redoak"
"1491",0.147,0.455,"redoak"
"1492",0.145,0.479,"redoak"
"1493",0.129,0.477,"redoak"
"1494",0.098,0.526,"redoak"
"1495",0.101,0.526,"redoak"
"1496",0.121,0.51,"redoak"
"1497",0.063,0.496,"redoak"
"1498",0.065,0.564,"redoak"
"1499",0.004,0.554,"redoak"
"1500",0.037,0.624,"redoak"
"1501",0.029,0.619,"redoak"
"1502",0.017,0.593,"redoak"
"1503",0.039,0.58,"redoak"
"1504",0.088,0.627,"redoak"
"1505",0.107,0.654,"redoak"
"1506",0.054,0.756,"redoak"
"1507",0.027,0.753,"redoak"
"1508",0.117,0.755,"redoak"
"1509",0.118,0.787,"redoak"
"1510",0.004,0.802,"redoak"
"1511",0.003,0.96,"redoak"
"1512",0.2,0.882,"redoak"
"1513",0.245,0.962,"redoak"
"1514",0.28,0.963,"redoak"
"1515",0.166,0.938,"redoak"
"1516",0.197,0.762,"redoak"
"1517",0.242,0.784,"redoak"
"1518",0.206,0.79,"redoak"
"1519",0.259,0.569,"redoak"
"1520",0.229,0.692,"redoak"
"1521",0.28,0.677,"redoak"
"1522",0.232,0.673,"redoak"
"1523",0.159,0.64,"redoak"
"1524",0.278,0.564,"redoak"
"1525",0.28,0.54,"redoak"
"1526",0.197,0.308,"redoak"
"1527",0.174,0.308,"redoak"
"1528",0.158,0.304,"redoak"
"1529",0.156,0.303,"redoak"
"1530",0.228,0.318,"redoak"
"1531",0.237,0.307,"redoak"
"1532",0.234,0.294,"redoak"
"1533",0.271,0.419,"redoak"
"1534",0.234,0.38,"redoak"
"1535",0.183,0.411,"redoak"
"1536",0.213,0.356,"redoak"
"1537",0.18,0.193,"redoak"
"1538",0.184,0.197,"redoak"
"1539",0.155,0.157,"redoak"
"1540",0.216,0.273,"redoak"
"1541",0.249,0.26,"redoak"
"1542",0.258,0.286,"redoak"
"1543",0.267,0.227,"redoak"
"1544",0.166,0.048,"redoak"
"1545",0.206,0.064,"redoak"
"1546",0.221,0.06,"redoak"
"1547",0.236,0.042,"redoak"
"1548",0.245,0.01,"redoak"
"1549",0.252,0.013,"redoak"
"1550",0.251,0.111,"redoak"
"1551",0.234,0.078,"redoak"
"1552",0.219,0.094,"redoak"
"1553",0.219,0.075,"redoak"
"1554",0.238,0.082,"redoak"
"1555",0.325,0.155,"redoak"
"1556",0.34,0.206,"redoak"
"1557",0.307,0.214,"redoak"
"1558",0.405,0.177,"redoak"
"1559",0.404,0.24,"redoak"
"1560",0.403,0.231,"redoak"
"1561",0.418,0.245,"redoak"
"1562",0.406,0.246,"redoak"
"1563",0.324,0.24,"redoak"
"1564",0.331,0.251,"redoak"
"1565",0.314,0.282,"redoak"
"1566",0.352,0.294,"redoak"
"1567",0.352,0.293,"redoak"
"1568",0.384,0.332,"redoak"
"1569",0.4,0.32,"redoak"
"1570",0.408,0.317,"redoak"
"1571",0.367,0.404,"redoak"
"1572",0.187,0.079,"redoak"
"1573",0.187,0.078,"redoak"
"1574",0.162,0.097,"redoak"
"1575",0.311,0.004,"redoak"
"1576",0.313,0.025,"redoak"
"1577",0.333,0.023,"redoak"
"1578",0.337,0.006,"redoak"
"1579",0.306,0.051,"redoak"
"1580",0.358,0.013,"redoak"
"1581",0.364,0.031,"redoak"
"1582",0.377,0.039,"redoak"
"1583",0.419,0.016,"redoak"
"1584",0.418,0.023,"redoak"
"1585",0.417,0.065,"redoak"
"1586",0.394,0.071,"redoak"
"1587",0.419,0.078,"redoak"
"1588",0.376,0.087,"redoak"
"1589",0.422,0.102,"redoak"
"1590",0.297,0.108,"redoak"
"1591",0.383,0.416,"redoak"
"1592",0.344,0.402,"redoak"
"1593",0.356,0.398,"redoak"
"1594",0.343,0.409,"redoak"
"1595",0.316,0.435,"redoak"
"1596",0.332,0.442,"redoak"
"1597",0.329,0.432,"redoak"
"1598",0.352,0.434,"redoak"
"1599",0.358,0.434,"redoak"
"1600",0.353,0.484,"redoak"
"1601",0.331,0.481,"redoak"
"1602",0.339,0.489,"redoak"
"1603",0.299,0.474,"redoak"
"1604",0.298,0.472,"redoak"
"1605",0.395,0.43,"redoak"
"1606",0.43,0.471,"redoak"
"1607",0.34,0.501,"redoak"
"1608",0.367,0.842,"redoak"
"1609",0.324,0.774,"redoak"
"1610",0.314,0.745,"redoak"
"1611",0.406,0.719,"redoak"
"1612",0.423,0.763,"redoak"
"1613",0.373,0.791,"redoak"
"1614",0.368,0.841,"redoak"
"1615",0.347,0.805,"redoak"
"1616",0.363,0.832,"redoak"
"1617",0.385,0.855,"redoak"
"1618",0.374,0.911,"redoak"
"1619",0.343,0.923,"redoak"
"1620",0.489,0.874,"redoak"
"1621",0.545,0.916,"redoak"
"1622",0.505,0.924,"redoak"
"1623",0.465,0.986,"redoak"
"1624",0.503,0.781,"redoak"
"1625",0.482,0.761,"redoak"
"1626",0.519,0.781,"redoak"
"1627",0.567,0.846,"redoak"
"1628",0.487,0.83,"redoak"
"1629",0.442,0.643,"redoak"
"1630",0.479,0.617,"redoak"
"1631",0.501,0.581,"redoak"
"1632",0.446,0.647,"redoak"
"1633",0.481,0.481,"redoak"
"1634",0.505,0.446,"redoak"
"1635",0.481,0.433,"redoak"
"1636",0.554,0.481,"redoak"
"1637",0.515,0.557,"redoak"
"1638",0.555,0.513,"redoak"
"1639",0.524,0.531,"redoak"
"1640",0.44,0.566,"redoak"
"1641",0.475,0.562,"redoak"
"1642",0.497,0.562,"redoak"
"1643",0.502,0.33,"redoak"
"1644",0.555,0.425,"redoak"
"1645",0.558,0.396,"redoak"
"1646",0.565,0.395,"redoak"
"1647",0.528,0.338,"redoak"
"1648",0.502,0.364,"redoak"
"1649",0.438,0.201,"redoak"
"1650",0.489,0.188,"redoak"
"1651",0.522,0.211,"redoak"
"1652",0.525,0.202,"redoak"
"1653",0.551,0.211,"redoak"
"1654",0.455,0.213,"redoak"
"1655",0.491,0.025,"redoak"
"1656",0.523,0.064,"redoak"
"1657",0.566,0.013,"redoak"
"1658",0.519,0.015,"redoak"
"1659",0.509,0.013,"redoak"
"1660",0.544,0.079,"redoak"
"1661",0.511,0.085,"redoak"
"1662",0.431,0.102,"redoak"
"1663",0.593,0.03,"redoak"
"1664",0.597,0.051,"redoak"
"1665",0.654,0.005,"redoak"
"1666",0.683,0.026,"redoak"
"1667",0.583,0.078,"redoak"
"1668",0.594,0.089,"redoak"
"1669",0.637,0.108,"redoak"
"1670",0.596,0.195,"redoak"
"1671",0.582,0.198,"redoak"
"1672",0.575,0.211,"redoak"
"1673",0.697,0.273,"redoak"
"1674",0.604,0.288,"redoak"
"1675",0.598,0.341,"redoak"
"1676",0.584,0.422,"redoak"
"1677",0.577,0.448,"redoak"
"1678",0.611,0.455,"redoak"
"1679",0.633,0.461,"redoak"
"1680",0.685,0.484,"redoak"
"1681",0.679,0.487,"redoak"
"1682",0.68,0.463,"redoak"
"1683",0.663,0.484,"redoak"
"1684",0.692,0.496,"redoak"
"1685",0.693,0.506,"redoak"
"1686",0.696,0.518,"redoak"
"1687",0.698,0.585,"redoak"
"1688",0.711,0.63,"redoak"
"1689",0.679,0.637,"redoak"
"1690",0.65,0.639,"redoak"
"1691",0.699,0.601,"redoak"
"1692",0.714,0.671,"redoak"
"1693",0.654,0.738,"redoak"
"1694",0.658,0.722,"redoak"
"1695",0.685,0.733,"redoak"
"1696",0.696,0.719,"redoak"
"1697",0.696,0.766,"redoak"
"1698",0.672,0.774,"redoak"
"1699",0.645,0.733,"redoak"
"1700",0.618,0.877,"redoak"
"1701",0.63,0.852,"redoak"
"1702",0.584,0.916,"redoak"
"1703",0.653,0.987,"redoak"
"1704",0.617,0.966,"redoak"
"1705",0.814,0.916,"redoak"
"1706",0.79,0.983,"redoak"
"1707",0.805,0.983,"redoak"
"1708",0.829,0.986,"redoak"
"1709",0.83,0.985,"redoak"
"1710",0.823,0.95,"redoak"
"1711",0.825,0.935,"redoak"
"1712",0.799,0.943,"redoak"
"1713",0.76,0.958,"redoak"
"1714",0.786,0.983,"redoak"
"1715",0.769,0.984,"redoak"
"1716",0.76,0.738,"redoak"
"1717",0.819,0.768,"redoak"
"1718",0.85,0.853,"redoak"
"1719",0.752,0.847,"redoak"
"1720",0.785,0.85,"redoak"
"1721",0.736,0.644,"redoak"
"1722",0.746,0.621,"redoak"
"1723",0.779,0.644,"redoak"
"1724",0.784,0.57,"redoak"
"1725",0.762,0.591,"redoak"
"1726",0.725,0.571,"redoak"
"1727",0.826,0.628,"redoak"
"1728",0.797,0.606,"redoak"
"1729",0.838,0.672,"redoak"
"1730",0.803,0.673,"redoak"
"1731",0.765,0.689,"redoak"
"1732",0.723,0.657,"redoak"
"1733",0.764,0.688,"redoak"
"1734",0.772,0.485,"redoak"
"1735",0.826,0.476,"redoak"
"1736",0.773,0.569,"redoak"
"1737",0.781,0.563,"redoak"
"1738",0.738,0.353,"redoak"
"1739",0.75,0.348,"redoak"
"1740",0.753,0.342,"redoak"
"1741",0.769,0.337,"redoak"
"1742",0.857,0.302,"redoak"
"1743",0.827,0.351,"redoak"
"1744",0.82,0.397,"redoak"
"1745",0.85,0.402,"redoak"
"1746",0.759,0.383,"redoak"
"1747",0.741,0.175,"redoak"
"1748",0.754,0.197,"redoak"
"1749",0.787,0.185,"redoak"
"1750",0.723,0.168,"redoak"
"1751",0.841,0.282,"redoak"
"1752",0.851,0.094,"redoak"
"1753",0.813,0.106,"redoak"
"1754",0.823,0.077,"redoak"
"1755",0.811,0.081,"redoak"
"1756",0.78,0.101,"redoak"
"1757",0.721,0.075,"redoak"
"1758",0.929,0.109,"redoak"
"1759",0.921,0.251,"redoak"
"1760",0.997,0.232,"redoak"
"1761",0.99,0.251,"redoak"
"1762",0.938,0.266,"redoak"
"1763",0.93,0.266,"redoak"
"1764",0.905,0.264,"redoak"
"1765",0.874,0.262,"redoak"
"1766",0.876,0.264,"redoak"
"1767",0.869,0.267,"redoak"
"1768",0.934,0.317,"redoak"
"1769",0.976,0.292,"redoak"
"1770",0.986,0.329,"redoak"
"1771",0.949,0.341,"redoak"
"1772",0.982,0.396,"redoak"
"1773",0.908,0.392,"redoak"
"1774",0.92,0.371,"redoak"
"1775",0.905,0.417,"redoak"
"1776",0.861,0.463,"redoak"
"1777",0.992,0.473,"redoak"
"1778",0.989,0.471,"redoak"
"1779",0.984,0.481,"redoak"
"1780",0.958,0.524,"redoak"
"1781",0.959,0.523,"redoak"
"1782",0.887,0.527,"redoak"
"1783",0.9,0.574,"redoak"
"1784",0.956,0.692,"redoak"
"1785",0.944,0.659,"redoak"
"1786",0.944,0.666,"redoak"
"1787",0.882,0.692,"redoak"
"1788",0.974,0.789,"redoak"
"1789",0.979,0.847,"redoak"
"1790",0.965,0.833,"redoak"
"1791",0.921,0.828,"redoak"
"1792",0.887,0.877,"redoak"
"1793",0.965,0.887,"redoak"
"1794",0.975,0.879,"redoak"
"1795",0.999,0.923,"redoak"
"1796",0.981,0.916,"redoak"
"1797",0.961,0.975,"redoak"
"1798",0.904,0.982,"redoak"
"1799",0.861,0.977,"redoak"
"1800",0.859,0.979,"redoak"
"1801",0.406,0.377,"redoak"
"1802",0.416,0.418,"redoak"
"1803",0.412,0.423,"redoak"
"1804",0.111,0.013,"whiteoak"
"1805",0.14,0.001,"whiteoak"
"1806",0.096,0.127,"whiteoak"
"1807",0.058,0.092,"whiteoak"
"1808",0.073,0.074,"whiteoak"
"1809",0.077,0.116,"whiteoak"
"1810",0.009,0.133,"whiteoak"
"1811",0.036,0.142,"whiteoak"
"1812",0.056,0.157,"whiteoak"
"1813",0.066,0.187,"whiteoak"
"1814",0.057,0.181,"whiteoak"
"1815",0.054,0.177,"whiteoak"
"1816",0.071,0.174,"whiteoak"
"1817",0.037,0.205,"whiteoak"
"1818",0.058,0.203,"whiteoak"
"1819",0.073,0.159,"whiteoak"
"1820",0.13,0.202,"whiteoak"
"1821",0.113,0.173,"whiteoak"
"1822",0.075,0.171,"whiteoak"
"1823",0.083,0.222,"whiteoak"
"1824",0.09,0.267,"whiteoak"
"1825",0.089,0.268,"whiteoak"
"1826",0.042,0.214,"whiteoak"
"1827",0.062,0.237,"whiteoak"
"1828",0.069,0.262,"whiteoak"
"1829",0.015,0.305,"whiteoak"
"1830",0.018,0.314,"whiteoak"
"1831",0.017,0.292,"whiteoak"
"1832",0.029,0.33,"whiteoak"
"1833",0.08,0.324,"whiteoak"
"1834",0.087,0.314,"whiteoak"
"1835",0.113,0.335,"whiteoak"
"1836",0.11,0.321,"whiteoak"
"1837",0.133,0.357,"whiteoak"
"1838",0.081,0.384,"whiteoak"
"1839",0.135,0.404,"whiteoak"
"1840",0.124,0.361,"whiteoak"
"1841",0.05,0.365,"whiteoak"
"1842",0.05,0.39,"whiteoak"
"1843",0.029,0.45,"whiteoak"
"1844",0.025,0.468,"whiteoak"
"1845",0.023,0.471,"whiteoak"
"1846",0.064,0.474,"whiteoak"
"1847",0.06,0.461,"whiteoak"
"1848",0.024,0.484,"whiteoak"
"1849",0.092,0.453,"whiteoak"
"1850",0.041,0.497,"whiteoak"
"1851",0.028,0.503,"whiteoak"
"1852",0.029,0.523,"whiteoak"
"1853",0.025,0.534,"whiteoak"
"1854",0.048,0.521,"whiteoak"
"1855",0.037,0.543,"whiteoak"
"1856",0.038,0.551,"whiteoak"
"1857",0.026,0.542,"whiteoak"
"1858",0.026,0.554,"whiteoak"
"1859",0.023,0.565,"whiteoak"
"1860",0.026,0.536,"whiteoak"
"1861",0.01,0.549,"whiteoak"
"1862",0.028,0.577,"whiteoak"
"1863",0.034,0.633,"whiteoak"
"1864",0.008,0.579,"whiteoak"
"1865",0.109,0.679,"whiteoak"
"1866",0.004,0.792,"whiteoak"
"1867",0.025,0.8,"whiteoak"
"1868",0.028,0.811,"whiteoak"
"1869",0.026,0.813,"whiteoak"
"1870",0.038,0.805,"whiteoak"
"1871",0.068,0.831,"whiteoak"
"1872",0.032,0.825,"whiteoak"
"1873",0.024,0.847,"whiteoak"
"1874",0.022,0.882,"whiteoak"
"1875",0.027,0.851,"whiteoak"
"1876",0.027,0.858,"whiteoak"
"1877",0.044,0.878,"whiteoak"
"1878",0.047,0.876,"whiteoak"
"1879",0.002,0.873,"whiteoak"
"1880",0.006,0.855,"whiteoak"
"1881",0.124,0.881,"whiteoak"
"1882",0.147,0.919,"whiteoak"
"1883",0.141,0.971,"whiteoak"
"1884",0.021,0.961,"whiteoak"
"1885",0.016,0.982,"whiteoak"
"1886",0.153,0.865,"whiteoak"
"1887",0.237,0.973,"whiteoak"
"1888",0.247,0.986,"whiteoak"
"1889",0.263,0.956,"whiteoak"
"1890",0.273,0.979,"whiteoak"
"1891",0.153,0.968,"whiteoak"
"1892",0.184,0.972,"whiteoak"
"1893",0.181,0.948,"whiteoak"
"1894",0.194,0.958,"whiteoak"
"1895",0.183,0.776,"whiteoak"
"1896",0.174,0.776,"whiteoak"
"1897",0.152,0.768,"whiteoak"
"1898",0.219,0.736,"whiteoak"
"1899",0.185,0.734,"whiteoak"
"1900",0.156,0.727,"whiteoak"
"1901",0.273,0.753,"whiteoak"
"1902",0.272,0.722,"whiteoak"
"1903",0.227,0.721,"whiteoak"
"1904",0.285,0.837,"whiteoak"
"1905",0.274,0.798,"whiteoak"
"1906",0.211,0.639,"whiteoak"
"1907",0.163,0.606,"whiteoak"
"1908",0.216,0.616,"whiteoak"
"1909",0.172,0.57,"whiteoak"
"1910",0.241,0.578,"whiteoak"
"1911",0.221,0.57,"whiteoak"
"1912",0.226,0.684,"whiteoak"
"1913",0.248,0.668,"whiteoak"
"1914",0.221,0.647,"whiteoak"
"1915",0.184,0.666,"whiteoak"
"1916",0.16,0.648,"whiteoak"
"1917",0.192,0.465,"whiteoak"
"1918",0.244,0.449,"whiteoak"
"1919",0.179,0.342,"whiteoak"
"1920",0.203,0.333,"whiteoak"
"1921",0.152,0.295,"whiteoak"
"1922",0.279,0.308,"whiteoak"
"1923",0.233,0.365,"whiteoak"
"1924",0.203,0.393,"whiteoak"
"1925",0.176,0.38,"whiteoak"
"1926",0.173,0.405,"whiteoak"
"1927",0.155,0.19,"whiteoak"
"1928",0.183,0.181,"whiteoak"
"1929",0.197,0.218,"whiteoak"
"1930",0.236,0.183,"whiteoak"
"1931",0.256,0.209,"whiteoak"
"1932",0.275,0.185,"whiteoak"
"1933",0.249,0.147,"whiteoak"
"1934",0.225,0.157,"whiteoak"
"1935",0.285,0.241,"whiteoak"
"1936",0.285,0.237,"whiteoak"
"1937",0.267,0.25,"whiteoak"
"1938",0.235,0.222,"whiteoak"
"1939",0.222,0.227,"whiteoak"
"1940",0.147,0.265,"whiteoak"
"1941",0.171,0.281,"whiteoak"
"1942",0.18,0.262,"whiteoak"
"1943",0.186,0.228,"whiteoak"
"1944",0.167,0.227,"whiteoak"
"1945",0.154,0.225,"whiteoak"
"1946",0.149,0.21,"whiteoak"
"1947",0.213,0.034,"whiteoak"
"1948",0.224,0.117,"whiteoak"
"1949",0.245,0.136,"whiteoak"
"1950",0.261,0.141,"whiteoak"
"1951",0.187,0.141,"whiteoak"
"1952",0.206,0.124,"whiteoak"
"1953",0.212,0.13,"whiteoak"
"1954",0.311,0.175,"whiteoak"
"1955",0.345,0.153,"whiteoak"
"1956",0.325,0.179,"whiteoak"
"1957",0.425,0.182,"whiteoak"
"1958",0.366,0.16,"whiteoak"
"1959",0.368,0.162,"whiteoak"
"1960",0.353,0.251,"whiteoak"
"1961",0.318,0.268,"whiteoak"
"1962",0.295,0.325,"whiteoak"
"1963",0.308,0.303,"whiteoak"
"1964",0.319,0.328,"whiteoak"
"1965",0.371,0.318,"whiteoak"
"1966",0.188,0.088,"whiteoak"
"1967",0.17,0.085,"whiteoak"
"1968",0.149,0.065,"whiteoak"
"1969",0.315,0.049,"whiteoak"
"1970",0.421,0.035,"whiteoak"
"1971",0.361,0.122,"whiteoak"
"1972",0.409,0.128,"whiteoak"
"1973",0.313,0.115,"whiteoak"
"1974",0.302,0.381,"whiteoak"
"1975",0.341,0.397,"whiteoak"
"1976",0.293,0.403,"whiteoak"
"1977",0.377,0.468,"whiteoak"
"1978",0.36,0.494,"whiteoak"
"1979",0.419,0.541,"whiteoak"
"1980",0.376,0.561,"whiteoak"
"1981",0.291,0.506,"whiteoak"
"1982",0.293,0.606,"whiteoak"
"1983",0.303,0.589,"whiteoak"
"1984",0.385,0.677,"whiteoak"
"1985",0.345,0.653,"whiteoak"
"1986",0.402,0.714,"whiteoak"
"1987",0.432,0.779,"whiteoak"
"1988",0.405,0.75,"whiteoak"
"1989",0.38,0.781,"whiteoak"
"1990",0.36,0.818,"whiteoak"
"1991",0.348,0.887,"whiteoak"
"1992",0.345,0.868,"whiteoak"
"1993",0.364,0.854,"whiteoak"
"1994",0.431,0.881,"whiteoak"
"1995",0.397,0.929,"whiteoak"
"1996",0.363,0.929,"whiteoak"
"1997",0.369,0.959,"whiteoak"
"1998",0.366,0.977,"whiteoak"
"1999",0.356,0.985,"whiteoak"
"2000",0.3,0.981,"whiteoak"
"2001",0.358,0.957,"whiteoak"
"2002",0.486,0.917,"whiteoak"
"2003",0.497,0.854,"whiteoak"
"2004",0.475,0.864,"whiteoak"
"2005",0.451,0.87,"whiteoak"
"2006",0.558,0.904,"whiteoak"
"2007",0.506,0.963,"whiteoak"
"2008",0.523,0.95,"whiteoak"
"2009",0.554,0.939,"whiteoak"
"2010",0.45,0.958,"whiteoak"
"2011",0.488,0.955,"whiteoak"
"2012",0.492,0.948,"whiteoak"
"2013",0.482,0.942,"whiteoak"
"2014",0.439,0.925,"whiteoak"
"2015",0.465,0.774,"whiteoak"
"2016",0.488,0.746,"whiteoak"
"2017",0.502,0.753,"whiteoak"
"2018",0.499,0.72,"whiteoak"
"2019",0.564,0.762,"whiteoak"
"2020",0.437,0.835,"whiteoak"
"2021",0.496,0.827,"whiteoak"
"2022",0.457,0.806,"whiteoak"
"2023",0.461,0.791,"whiteoak"
"2024",0.489,0.631,"whiteoak"
"2025",0.491,0.616,"whiteoak"
"2026",0.543,0.588,"whiteoak"
"2027",0.529,0.571,"whiteoak"
"2028",0.528,0.591,"whiteoak"
"2029",0.547,0.693,"whiteoak"
"2030",0.505,0.641,"whiteoak"
"2031",0.482,0.453,"whiteoak"
"2032",0.55,0.479,"whiteoak"
"2033",0.568,0.502,"whiteoak"
"2034",0.558,0.505,"whiteoak"
"2035",0.434,0.537,"whiteoak"
"2036",0.446,0.555,"whiteoak"
"2037",0.45,0.499,"whiteoak"
"2038",0.46,0.32,"whiteoak"
"2039",0.486,0.308,"whiteoak"
"2040",0.547,0.305,"whiteoak"
"2041",0.55,0.377,"whiteoak"
"2042",0.515,0.364,"whiteoak"
"2043",0.575,0.361,"whiteoak"
"2044",0.436,0.41,"whiteoak"
"2045",0.488,0.391,"whiteoak"
"2046",0.463,0.37,"whiteoak"
"2047",0.512,0.188,"whiteoak"
"2048",0.502,0.162,"whiteoak"
"2049",0.498,0.157,"whiteoak"
"2050",0.558,0.272,"whiteoak"
"2051",0.523,0.232,"whiteoak"
"2052",0.51,0.218,"whiteoak"
"2053",0.476,0.259,"whiteoak"
"2054",0.475,0.278,"whiteoak"
"2055",0.479,0.244,"whiteoak"
"2056",0.472,0.235,"whiteoak"
"2057",0.456,0.238,"whiteoak"
"2058",0.458,0.012,"whiteoak"
"2059",0.511,0.064,"whiteoak"
"2060",0.551,0.057,"whiteoak"
"2061",0.521,0.135,"whiteoak"
"2062",0.543,0.12,"whiteoak"
"2063",0.522,0.088,"whiteoak"
"2064",0.446,0.11,"whiteoak"
"2065",0.588,0.068,"whiteoak"
"2066",0.653,0.062,"whiteoak"
"2067",0.655,0.127,"whiteoak"
"2068",0.602,0.127,"whiteoak"
"2069",0.659,0.176,"whiteoak"
"2070",0.705,0.155,"whiteoak"
"2071",0.668,0.218,"whiteoak"
"2072",0.588,0.228,"whiteoak"
"2073",0.592,0.225,"whiteoak"
"2074",0.6,0.25,"whiteoak"
"2075",0.592,0.253,"whiteoak"
"2076",0.59,0.279,"whiteoak"
"2077",0.58,0.282,"whiteoak"
"2078",0.583,0.3,"whiteoak"
"2079",0.579,0.32,"whiteoak"
"2080",0.62,0.3,"whiteoak"
"2081",0.628,0.323,"whiteoak"
"2082",0.637,0.321,"whiteoak"
"2083",0.643,0.303,"whiteoak"
"2084",0.646,0.333,"whiteoak"
"2085",0.64,0.357,"whiteoak"
"2086",0.697,0.328,"whiteoak"
"2087",0.714,0.357,"whiteoak"
"2088",0.699,0.353,"whiteoak"
"2089",0.699,0.422,"whiteoak"
"2090",0.584,0.359,"whiteoak"
"2091",0.623,0.378,"whiteoak"
"2092",0.615,0.399,"whiteoak"
"2093",0.611,0.404,"whiteoak"
"2094",0.596,0.412,"whiteoak"
"2095",0.594,0.436,"whiteoak"
"2096",0.629,0.451,"whiteoak"
"2097",0.648,0.435,"whiteoak"
"2098",0.688,0.523,"whiteoak"
"2099",0.583,0.593,"whiteoak"
"2100",0.604,0.603,"whiteoak"
"2101",0.618,0.573,"whiteoak"
"2102",0.637,0.602,"whiteoak"
"2103",0.65,0.596,"whiteoak"
"2104",0.608,0.647,"whiteoak"
"2105",0.662,0.593,"whiteoak"
"2106",0.676,0.59,"whiteoak"
"2107",0.681,0.597,"whiteoak"
"2108",0.702,0.592,"whiteoak"
"2109",0.685,0.619,"whiteoak"
"2110",0.596,0.661,"whiteoak"
"2111",0.6,0.699,"whiteoak"
"2112",0.577,0.737,"whiteoak"
"2113",0.576,0.762,"whiteoak"
"2114",0.708,0.785,"whiteoak"
"2115",0.65,0.792,"whiteoak"
"2116",0.67,0.832,"whiteoak"
"2117",0.591,0.814,"whiteoak"
"2118",0.597,0.802,"whiteoak"
"2119",0.63,0.819,"whiteoak"
"2120",0.627,0.829,"whiteoak"
"2121",0.629,0.839,"whiteoak"
"2122",0.576,0.991,"whiteoak"
"2123",0.609,0.906,"whiteoak"
"2124",0.614,0.892,"whiteoak"
"2125",0.632,0.873,"whiteoak"
"2126",0.657,0.932,"whiteoak"
"2127",0.698,0.95,"whiteoak"
"2128",0.706,0.981,"whiteoak"
"2129",0.695,0.984,"whiteoak"
"2130",0.688,0.979,"whiteoak"
"2131",0.685,0.985,"whiteoak"
"2132",0.672,0.966,"whiteoak"
"2133",0.665,0.984,"whiteoak"
"2134",0.662,0.979,"whiteoak"
"2135",0.628,0.927,"whiteoak"
"2136",0.621,0.989,"whiteoak"
"2137",0.577,0.978,"whiteoak"
"2138",0.645,0.958,"whiteoak"
"2139",0.634,0.978,"whiteoak"
"2140",0.75,0.919,"whiteoak"
"2141",0.762,0.906,"whiteoak"
"2142",0.797,0.876,"whiteoak"
"2143",0.793,0.943,"whiteoak"
"2144",0.726,0.981,"whiteoak"
"2145",0.742,0.981,"whiteoak"
"2146",0.751,0.959,"whiteoak"
"2147",0.724,0.947,"whiteoak"
"2148",0.745,0.75,"whiteoak"
"2149",0.754,0.755,"whiteoak"
"2150",0.773,0.78,"whiteoak"
"2151",0.759,0.723,"whiteoak"
"2152",0.801,0.776,"whiteoak"
"2153",0.85,0.761,"whiteoak"
"2154",0.834,0.721,"whiteoak"
"2155",0.817,0.737,"whiteoak"
"2156",0.789,0.831,"whiteoak"
"2157",0.804,0.83,"whiteoak"
"2158",0.851,0.838,"whiteoak"
"2159",0.768,0.833,"whiteoak"
"2160",0.777,0.828,"whiteoak"
"2161",0.756,0.793,"whiteoak"
"2162",0.768,0.649,"whiteoak"
"2163",0.767,0.62,"whiteoak"
"2164",0.854,0.637,"whiteoak"
"2165",0.859,0.645,"whiteoak"
"2166",0.85,0.603,"whiteoak"
"2167",0.87,0.591,"whiteoak"
"2168",0.843,0.689,"whiteoak"
"2169",0.75,0.499,"whiteoak"
"2170",0.795,0.479,"whiteoak"
"2171",0.761,0.432,"whiteoak"
"2172",0.737,0.443,"whiteoak"
"2173",0.734,0.513,"whiteoak"
"2174",0.804,0.367,"whiteoak"
"2175",0.772,0.327,"whiteoak"
"2176",0.794,0.317,"whiteoak"
"2177",0.787,0.291,"whiteoak"
"2178",0.745,0.31,"whiteoak"
"2179",0.741,0.305,"whiteoak"
"2180",0.733,0.316,"whiteoak"
"2181",0.856,0.344,"whiteoak"
"2182",0.826,0.357,"whiteoak"
"2183",0.831,0.301,"whiteoak"
"2184",0.811,0.308,"whiteoak"
"2185",0.806,0.41,"whiteoak"
"2186",0.825,0.425,"whiteoak"
"2187",0.839,0.418,"whiteoak"
"2188",0.718,0.411,"whiteoak"
"2189",0.758,0.395,"whiteoak"
"2190",0.742,0.181,"whiteoak"
"2191",0.733,0.165,"whiteoak"
"2192",0.772,0.157,"whiteoak"
"2193",0.807,0.177,"whiteoak"
"2194",0.833,0.199,"whiteoak"
"2195",0.852,0.188,"whiteoak"
"2196",0.855,0.156,"whiteoak"
"2197",0.813,0.144,"whiteoak"
"2198",0.805,0.208,"whiteoak"
"2199",0.738,0.286,"whiteoak"
"2200",0.756,0.219,"whiteoak"
"2201",0.776,0.065,"whiteoak"
"2202",0.773,0.006,"whiteoak"
"2203",0.747,0.001,"whiteoak"
"2204",0.844,0.034,"whiteoak"
"2205",0.791,0.024,"whiteoak"
"2206",0.821,0.115,"whiteoak"
"2207",0.828,0.124,"whiteoak"
"2208",0.824,0.132,"whiteoak"
"2209",0.792,0.096,"whiteoak"
"2210",0.802,0.136,"whiteoak"
"2211",0.722,0.118,"whiteoak"
"2212",0.751,0.077,"whiteoak"
"2213",0.78,0.109,"whiteoak"
"2214",0.859,0.011,"whiteoak"
"2215",0.864,0.038,"whiteoak"
"2216",0.911,0.016,"whiteoak"
"2217",0.887,0.047,"whiteoak"
"2218",0.864,0.156,"whiteoak"
"2219",0.949,0.186,"whiteoak"
"2220",0.937,0.238,"whiteoak"
"2221",0.968,0.24,"whiteoak"
"2222",0.959,0.305,"whiteoak"
"2223",0.939,0.49,"whiteoak"
"2224",0.861,0.474,"whiteoak"
"2225",0.961,0.498,"whiteoak"
"2226",0.947,0.553,"whiteoak"
"2227",0.919,0.56,"whiteoak"
"2228",0.996,0.674,"whiteoak"
"2229",0.994,0.705,"whiteoak"
"2230",0.913,0.698,"whiteoak"
"2231",0.863,0.738,"whiteoak"
"2232",0.917,0.751,"whiteoak"
"2233",0.971,0.756,"whiteoak"
"2234",0.931,0.773,"whiteoak"
"2235",0.943,0.787,"whiteoak"
"2236",0.992,0.834,"whiteoak"
"2237",0.998,0.845,"whiteoak"
"2238",0.978,0.853,"whiteoak"
"2239",0.895,0.798,"whiteoak"
"2240",0.922,0.814,"whiteoak"
"2241",0.88,0.824,"whiteoak"
"2242",0.863,0.826,"whiteoak"
"2243",0.9,0.927,"whiteoak"
"2244",0.991,0.863,"whiteoak"
"2245",0.96,0.981,"whiteoak"
"2246",0.955,0.966,"whiteoak"
"2247",0.865,0.936,"whiteoak"
"2248",0.905,0.959,"whiteoak"
"2249",0.86,0.982,"whiteoak"
"2250",0.302,0.102,"whiteoak"
"2251",0.298,0.169,"whiteoak"
